{
   "0": 0.5233275848755502,
   "1": 0.17144989832951532,
   "2": 0.0877506370492394,
   "3": 0.06655169751100358,
   "4": 0.05087127744459602,
   "5": 0.03418702221307045,
   "6": 0.023464003500553398,
   "7": 0.017785899976834572,
   "8": 0.013219736943708012,
   "9": 0.011392242155929062
}