{
   "0": 0.49856060420293763,
   "1": 0.1633358671930556,
   "2": 0.08359775385596234,
   "3": 0.06340207449547583,
   "4": 0.048463745371619134,
   "5": 0.03256908854613668,
   "6": 0.022353546994924107,
   "7": 0.016944165174958926,
   "8": 0.012594100193717662,
   "9": 0.010853093352296412
}